EmployeeID,Name,Department,Role,Salary,PerformanceScore,JoiningDate
1000,Timothy Oneal,Support,Phytotherapist,97280,4.44,2022-04-13
1001,Amy Walker,Sales,Politician's assistant,98551,3.95,2021-11-23
1002,Brittany White,Support,"Biochemist, clinical",48850,2.69,2016-03-29
1003,Savannah Harding,Support,Naval architect,66425,4.72,2022-06-03
1004,Jose Murray,Engineering,"Conservator, furniture",47991,3.34,2021-12-27
1005,Richard Escobar,HR,Mudlogger,71568,3.1,2017-12-14
1006,Jesse Brooks,Operations,Comptroller,90352,4.55,2023-04-14
1007,Ethan Johnson,Engineering,"Engineer, agricultural",66429,3.9,2025-01-11
1008,Matthew Webster,Engineering,Technical brewer,68413,3.55,2025-01-02
1009,Robert Nunez,Marketing,"Scientist, biomedical",74369,4.11,2025-05-09
1010,Troy Williams,Marketing,Ship broker,55808,4.44,2016-03-19
1011,Ashley Carter,Finance,"Scientist, water quality",40186,4.02,2018-02-16
1012,Marcus Harris,HR,"Therapist, music",111385,3.32,2019-01-12
1013,Dean Chavez,HR,Media planner,114514,3.7,2022-09-21
1014,Shannon Friedman,HR,"Production designer, theatre/television/film",89512,4.75,2019-03-12
1015,Curtis Robinson,Support,Trade union research officer,75621,2.7,2023-02-13
1016,Kayla Murphy,HR,IT sales professional,105130,4.21,2025-04-18
1017,Zachary Stewart,Marketing,Contractor,55393,2.81,2018-11-07
1018,Amanda Brown,Support,Textile designer,97197,4.61,2022-01-10
1019,Thomas Owens,Marketing,Learning mentor,68829,3.17,2019-04-05
1020,Christopher Williams,HR,"Lecturer, further education",117732,3.0,2020-02-03
1021,Sandra Rodriguez,HR,Contractor,48652,4.48,2020-10-26
1022,Nicholas Foster,Sales,"Teacher, secondary school",107069,2.62,2024-05-10
1023,Susan Marshall,Engineering,"Engineer, technical sales",43522,3.62,2025-04-28
1024,Karen Guerra,HR,"Journalist, broadcasting",97480,4.83,2016-12-25
1025,Melissa Mitchell,Finance,Armed forces training and education officer,114692,4.0,2018-11-17
1026,Michael Brown,Operations,Advice worker,55159,3.46,2022-08-04
1027,Pamela Ramirez,Marketing,Artist,93807,3.06,2021-01-21
1028,George Jones,Marketing,Government social research officer,65970,2.94,2021-03-23
1029,Thomas Munoz,Sales,Personnel officer,97791,3.64,2017-10-12
1030,Craig Weaver,Operations,Trade union research officer,101012,4.16,2017-01-27
1031,Linda Morales,Engineering,Customer service manager,72365,2.52,2024-11-18
1032,Tracy Scott,Operations,Catering manager,97922,2.6,2026-01-04
1033,Eric Berry,Finance,English as a foreign language teacher,62111,4.77,2017-11-08
1034,Daniel Gutierrez,HR,Holiday representative,99880,4.19,2025-11-17
1035,Adam Odom,Operations,"Engineer, petroleum",71296,4.1,2023-09-16
1036,Michael Johnson,Engineering,"Radiographer, diagnostic",44090,4.24,2020-04-04
1037,Kathy Moody,Engineering,Pension scheme manager,106453,2.97,2019-05-20
1038,Michael Rodriguez,Sales,Regulatory affairs officer,64576,4.25,2022-10-08
1039,Thomas Turner,Finance,Personal assistant,111350,2.91,2021-07-09
1040,Sarah Smith DVM,Sales,Actor,72123,3.68,2018-09-04
1041,Rebecca Russell,Operations,Hydrographic surveyor,89733,4.13,2017-10-23
1042,Nichole Reese,Support,Rural practice surveyor,55665,4.54,2023-06-09
1043,Daniel Johnson,Finance,Visual merchandiser,74409,2.84,2024-09-25
1044,Lori Smith,Marketing,Therapeutic radiographer,89367,4.08,2024-06-14
1045,Tamara Lane,Marketing,Haematologist,43978,4.58,2018-01-28
1046,Derek Nelson,Support,Physiological scientist,48898,3.57,2026-01-11
1047,Shelby White,Engineering,"Conservation officer, historic buildings",74512,2.83,2023-01-11
1048,David Bailey,Operations,"Psychotherapist, child",91745,2.87,2022-05-21
1049,Jonathan Kent,Finance,Conference centre manager,67712,4.31,2018-01-31
1050,Morgan Charles,Engineering,"Research officer, trade union",84636,2.7,2023-06-27
1051,Shane Lee,Operations,"Engineer, maintenance",54522,3.77,2023-06-24
1052,Amber Williams,Marketing,Sales executive,76942,4.38,2025-10-10
1053,Nancy Garcia,Finance,Soil scientist,60393,2.55,2018-12-15
1054,William Wilkerson,Engineering,Statistician,99098,3.15,2022-04-13
1055,Shawn Dalton,Support,Recycling officer,71261,3.97,2018-05-02
1056,Natalie Sanchez,Operations,"Engineer, civil (contracting)",46059,2.58,2017-03-13
1057,Heather Velazquez,Finance,Television camera operator,47887,4.2,2021-09-29
1058,Ms. Kelly Johnson,Marketing,"Engineer, broadcasting (operations)",112783,4.16,2017-07-01
1059,Mary Hardy,Finance,Industrial buyer,94904,3.95,2016-04-05
1060,William Benson,Marketing,"Administrator, Civil Service",81367,3.88,2022-01-22
1061,Roger Hill,Operations,Educational psychologist,49067,3.1,2020-03-14
1062,Julie Baker,Support,Waste management officer,58838,4.11,2024-02-19
1063,Miguel Callahan,HR,Dispensing optician,104560,3.61,2021-01-05
1064,Dr. Pamela Price,Operations,Public relations account executive,85156,3.55,2020-09-26
1065,Kathleen Morris,HR,"Engineer, maintenance (IT)",76266,4.8,2023-11-25
1066,Alexis Bell,Support,Museum/gallery conservator,61878,3.23,2024-10-04
1067,Robert Kent,HR,Chief of Staff,103513,3.76,2017-11-29
1068,Christopher Simon,HR,Barrister,79616,2.99,2017-10-13
1069,William Hunt,Engineering,Emergency planning/management officer,61483,4.48,2025-11-01
1070,Hannah Nelson,Support,Sport and exercise psychologist,64067,2.67,2017-11-07
1071,Cory Berg,Operations,Phytotherapist,88470,3.56,2020-12-21
1072,Jason Chapman,Operations,Trading standards officer,50350,4.73,2021-03-10
1073,Henry Howard,HR,"Social research officer, government",75989,4.08,2020-09-13
1074,Andrew Gray,Marketing,"Editor, film/video",82755,2.67,2021-05-21
1075,Jon Turner,Finance,Industrial/product designer,68826,3.35,2020-11-30
1076,Megan Jackson,Support,"Engineer, technical sales",82923,3.96,2017-06-08
1077,Kim Herrera,Finance,Tax inspector,81270,3.33,2021-02-25
1078,Angel Webster,HR,Product/process development scientist,92045,2.99,2018-10-15
1079,Allison Garrett,HR,"Psychologist, educational",77755,2.6,2024-01-28
1080,Jacqueline Wu,Finance,Retail buyer,62238,4.15,2020-07-20
1081,Robert Evans,Sales,"Editor, magazine features",102242,4.11,2022-09-18
1082,Catherine Fuller,Sales,"Copywriter, advertising",67536,2.51,2016-11-01
1083,Steven Nunez,Marketing,Fish farm manager,59340,3.24,2024-11-04
1084,Patricia Young,Marketing,Charity officer,41710,3.91,2023-09-16
1085,Scott Freeman,HR,Dance movement psychotherapist,79946,4.18,2016-06-12
1086,Victoria Hunt,HR,"Scientist, biomedical",52257,3.51,2016-07-23
1087,Katherine Dixon,HR,Materials engineer,92955,3.35,2017-05-27
1088,Vicki Cooper,Sales,Visual merchandiser,104298,3.72,2024-01-17
1089,Fred Gibson,Marketing,Herpetologist,94098,3.83,2017-07-15
1090,Brooke Wells,Sales,Acupuncturist,96459,3.56,2024-12-09
1091,Thomas Martinez,Sales,Sales promotion account executive,102898,3.07,2021-03-24
1092,Christina Peterson,Marketing,Licensed conveyancer,108590,3.64,2020-06-27
1093,Michelle Rose,Support,"Nurse, mental health",45546,3.55,2022-12-21
1094,Robert Estes,Marketing,Consulting civil engineer,103986,3.01,2017-08-09
1095,Shawn Rogers,Operations,Energy engineer,107145,4.98,2022-12-28
1096,Phillip Alvarez,Marketing,Animal technologist,57429,3.75,2018-04-25
1097,Ronald Wright,Marketing,Architect,100039,3.23,2018-05-21
1098,James Bryant,Support,"Research officer, government",68221,2.85,2020-03-24
1099,Barbara Santiago,Marketing,"Horticulturist, commercial",80897,4.72,2019-10-03
1100,Evelyn Gonzales,Marketing,Further education lecturer,71279,3.21,2020-05-05
1101,Betty Robinson,Operations,Archaeologist,58909,3.0,2022-08-03
1102,Samantha Jordan,HR,Technical brewer,104507,2.62,2019-05-08
1103,Linda Rodgers,HR,Historic buildings inspector/conservation officer,59976,3.21,2019-07-16
1104,Brandy Coleman,HR,"Therapist, speech and language",111694,2.8,2023-01-20
1105,Emily Wong,Support,Advertising art director,109431,4.29,2016-04-15
1106,Shelly Faulkner,Operations,Newspaper journalist,106958,3.85,2017-05-06
1107,Jennifer Gardner,Operations,Location manager,52137,4.06,2023-08-06
1108,Joshua Warner,HR,"Production designer, theatre/television/film",59180,3.88,2017-05-18
1109,Justin Burns,Operations,Set designer,65587,4.69,2018-11-15
1110,Sandra Jones,Sales,Neurosurgeon,116978,2.96,2025-02-21
1111,Matthew Walters,Engineering,Forensic scientist,91986,2.84,2019-08-16
1112,Tonya Ross,HR,"Education officer, community",82502,4.09,2024-10-28
1113,Tonya Scott,Support,Clinical embryologist,44852,3.09,2025-11-14
1114,Brittany Miller,Support,Tax inspector,110858,3.4,2024-10-25
1115,Benjamin Kane,Engineering,IT sales professional,89221,4.03,2023-07-06
1116,Janet Hawkins,Operations,Quantity surveyor,51922,4.04,2024-03-26
1117,Amanda Pena,Operations,Insurance risk surveyor,83691,3.07,2025-07-07
1118,David Matthews,Sales,Community arts worker,80606,4.8,2026-01-15
1119,Victoria Harrison,Operations,IT trainer,54406,3.29,2022-05-08
1120,Doris Peters,Engineering,Medical illustrator,75769,4.25,2019-06-28
1121,Rebecca Green,HR,Media buyer,97695,4.57,2023-11-08
1122,Megan Smith,Support,Counsellor,95702,3.02,2022-09-17
1123,Devon Davis,Sales,Broadcast engineer,52399,3.6,2025-05-01
1124,Deborah Alexander,Marketing,Volunteer coordinator,81105,4.66,2023-07-09
1125,Allison Contreras,Sales,"Clinical scientist, histocompatibility and immunogenetics",105917,2.78,2021-10-11
1126,Andrew Reid,Operations,Paramedic,107425,3.66,2018-09-22
1127,Ryan Joseph,Marketing,Horticultural therapist,48156,3.84,2019-03-11
1128,Sean Lewis,Marketing,Site engineer,47771,4.65,2020-03-11
1129,Joshua Smith,Operations,Optometrist,110091,3.72,2016-10-01
1130,Donald Mcintosh,Marketing,Medical technical officer,119274,2.88,2025-08-10
1131,Kristin Elliott,Engineering,Operational investment banker,79854,4.83,2024-04-03
1132,Andrew Harris,Engineering,"Merchandiser, retail",87053,2.55,2025-05-19
1133,Steven Villegas,Engineering,Hospital pharmacist,83124,4.81,2021-04-04
1134,Robert Robinson,Finance,Air broker,93779,4.04,2018-08-28
1135,Kathryn Johnson,Support,Maintenance engineer,79059,2.7,2019-09-06
1136,Benjamin Hunt,Sales,Civil Service administrator,80834,4.17,2016-05-19
1137,Derrick Williams,Support,Soil scientist,56079,4.64,2018-01-29
1138,Thomas Scott,Sales,Health promotion specialist,109607,4.46,2016-08-07
1139,Brandi Wilson,Marketing,"Designer, jewellery",92114,3.9,2020-03-11
1140,Thomas Carney,Engineering,"Engineer, mining",44183,3.14,2016-06-13
1141,Ashley Richards,HR,Tourism officer,59105,2.73,2016-05-11
1142,Timothy Hampton,Support,Theatre director,63760,4.55,2024-08-24
1143,Kelly Taylor,Support,Radiation protection practitioner,101752,3.07,2025-12-13
1144,Erika Tran,Operations,"Geneticist, molecular",90781,4.0,2018-01-11
1145,Joshua Williams,Operations,English as a foreign language teacher,84787,4.38,2022-12-13
1146,Rachel Cook,Support,Commercial art gallery manager,55731,2.99,2022-08-26
1147,John Anderson,Sales,Economist,82006,4.98,2017-05-27
1148,Robert Kim,Marketing,Consulting civil engineer,43340,4.53,2025-04-25
1149,Sarah Fisher,HR,Careers adviser,61119,3.28,2023-01-26
1150,Andrea Carter,Support,"Engineer, maintenance (IT)",67836,3.61,2019-02-28
1151,Joseph Henry DDS,Support,Legal secretary,41599,4.99,2025-12-17
1152,Heather Williams,Marketing,Information systems manager,109281,4.65,2017-03-15
1153,Julia Burns,Support,"Embryologist, clinical",61807,3.43,2022-12-23
1154,Christopher Ramirez,Marketing,"Teacher, secondary school",52090,4.06,2025-10-21
1155,Thomas Glenn,HR,"Scientist, water quality",49873,2.52,2021-06-15
1156,Mary Walker,Support,Database administrator,68034,3.04,2018-02-12
1157,Kenneth Cooper,Finance,"Surveyor, building",56434,4.2,2019-01-22
1158,Lisa Preston,Engineering,Musician,111404,2.52,2018-09-26
1159,Hannah Monroe,Sales,Air cabin crew,116484,4.55,2017-06-09
1160,Lance Torres,Sales,Facilities manager,112737,3.32,2018-12-31
1161,Stephen White,Support,Acupuncturist,50259,3.86,2024-08-18
1162,Karen Pierce DDS,Marketing,Manufacturing engineer,50422,3.77,2020-05-03
1163,Patrick Gonzalez,Operations,Social researcher,95882,4.29,2021-12-07
1164,Nicolas Lynch,Finance,Press photographer,69364,4.65,2016-11-27
1165,Andrea Cooper,Marketing,"Teacher, English as a foreign language",67648,2.93,2020-02-02
1166,Dana Rivera,Operations,Occupational psychologist,92091,3.4,2018-04-04
1167,James Parker,HR,Translator,104790,2.83,2021-10-30
1168,Lindsay Gomez,Support,Community pharmacist,56081,4.03,2021-06-30
1169,Lisa Obrien,HR,Mining engineer,94375,3.5,2024-11-16
1170,Nicole Knight,HR,"Geologist, wellsite",100796,3.39,2025-12-15
1171,Brian Bennett,Support,"Editor, magazine features",74048,3.16,2025-03-17
1172,Jeffery Johnson,Marketing,Public librarian,109684,4.2,2016-02-24
1173,Susan Potts,Finance,Hospital pharmacist,79251,4.88,2016-10-18
1174,John Keller,Support,Administrator,90634,4.22,2016-07-16
1175,Cynthia Miller,Marketing,"Geologist, engineering",107227,2.88,2021-02-14
1176,Lucas Roman,Finance,"Education officer, environmental",54213,4.89,2023-01-25
1177,Julie Jones,HR,Bookseller,68844,2.96,2021-09-26
1178,Justin Mendez,Engineering,TEFL teacher,93445,4.49,2016-05-10
1179,Annette Thomas,Operations,Production manager,100399,2.98,2020-07-06
1180,Crystal Taylor,Engineering,"Education officer, community",94014,3.07,2022-07-31
1181,James Williams,Marketing,Fine artist,79564,4.75,2024-10-22
1182,Becky Walsh,Sales,Applications developer,46231,2.52,2019-02-08
1183,Sean Parks,Finance,"Administrator, charities/voluntary organisations",79161,2.92,2018-10-21
1184,Jose Schmitt,Finance,Warehouse manager,64029,4.48,2026-01-28
1185,Sherry Dunlap,Finance,English as a second language teacher,107369,3.06,2018-07-14
1186,Alexandra Roman,HR,"Engineer, civil (consulting)",74591,3.38,2024-08-16
1187,Mr. Frederick Robinson,Sales,Sales executive,100720,3.95,2024-04-19
1188,John Campbell,Marketing,Equities trader,41528,3.52,2024-04-27
1189,Joseph Reynolds,Operations,Archivist,72133,3.99,2016-09-19
1190,Rick Fields,Operations,Automotive engineer,100223,4.07,2018-09-07
1191,Candace Griffith,Sales,"Accountant, chartered",51159,4.69,2017-05-16
1192,Jon Cruz,Operations,Merchant navy officer,118021,3.01,2017-01-24
1193,Anthony Brown,Finance,Estate manager/land agent,113694,4.04,2022-03-01
1194,James Thompson,Engineering,Advertising copywriter,40670,3.06,2020-12-26
1195,Valerie Davis,Engineering,"Psychotherapist, dance movement",53994,2.66,2017-09-23
1196,Martin Gonzalez,HR,Educational psychologist,53913,2.54,2021-09-17
1197,Megan Walton,HR,Armed forces logistics/support/administrative officer,87996,3.37,2017-01-25
1198,Todd Martin,Finance,Waste management officer,114198,2.95,2020-12-23
1199,Timothy Henry,Operations,Chiropodist,41212,4.12,2024-07-02
1200,Patricia Hanson,Engineering,Public relations officer,47194,2.7,2018-12-20
1201,Angela Shah,Engineering,"Therapist, sports",119208,3.54,2025-04-12
1202,Mark Hatfield,Engineering,Furniture conservator/restorer,75822,3.25,2017-01-02
1203,Victoria Bailey,Finance,"Scientist, physiological",72914,3.27,2018-01-14
1204,Cameron Snow,Operations,"Therapist, art",76295,4.37,2025-07-04
1205,Lisa Lozano,Engineering,Emergency planning/management officer,60941,3.84,2018-10-30
1206,Jane Kim,Finance,"Designer, fashion/clothing",57170,3.63,2022-02-09
1207,Victoria Sanchez,Sales,"Teacher, primary school",85705,3.35,2025-05-04
1208,Keith Sparks,Engineering,Estate agent,64017,4.87,2022-01-23
1209,Deborah Friedman,Sales,"Education officer, community",105638,4.61,2024-11-08
1210,Justin Moran,Marketing,Editorial assistant,40437,3.65,2019-10-05
1211,Alicia Morgan,Finance,Chief Technology Officer,96074,4.25,2020-04-20
1212,Melissa Mcpherson,Operations,Clinical cytogeneticist,65577,4.47,2016-12-31
1213,Rachel Adams,HR,"Accountant, chartered",59570,2.51,2017-04-16
1214,Mr. Arthur Oneal,Support,Theatre manager,99391,4.66,2025-10-10
1215,Kenneth Shepard,Engineering,"Radiographer, diagnostic",43511,3.72,2023-01-13
1216,Amanda Rice,Marketing,Plant breeder/geneticist,87893,4.11,2021-09-21
1217,Lisa Swanson,Operations,"Scientist, research (medical)",103166,4.53,2018-03-01
1218,Andrew Fisher,Operations,"Research officer, government",102497,4.65,2018-04-03
1219,Christina Davis,Marketing,Lexicographer,49828,3.75,2026-01-13
1220,Christopher Russo,Support,"Surveyor, commercial/residential",42241,2.97,2021-04-17
1221,Bradley Meyers,Support,Teaching laboratory technician,88256,4.16,2025-06-19
1222,Kevin Rosales PhD,Support,Insurance account manager,97596,4.38,2019-01-21
1223,Brittany Forbes DVM,Engineering,Quality manager,116323,4.27,2016-07-22
1224,Mario Bryant,Marketing,Radio producer,105129,4.31,2016-07-10
1225,Kelly Williams,HR,Financial manager,93673,3.38,2022-04-26
1226,Marie Gonzalez,Engineering,"Horticulturist, commercial",68752,2.94,2023-10-06
1227,Yvonne Hernandez,HR,Chief Strategy Officer,90747,3.07,2024-01-06
1228,John King,HR,Armed forces operational officer,40943,4.48,2018-05-22
1229,Lorraine Lopez,HR,Sports administrator,47990,4.82,2018-01-29
1230,Brandon Carter,HR,Haematologist,57361,3.99,2025-04-19
1231,Jessica Berg MD,Marketing,Nutritional therapist,65624,3.38,2018-02-19
1232,Dustin Harrison,Support,Retail manager,75128,4.59,2023-06-23
1233,Sarah Wheeler,Engineering,Learning disability nurse,88401,3.41,2022-07-03
1234,Kenneth Moore,Sales,Fast food restaurant manager,104789,2.72,2016-12-13
1235,Kenneth Anderson,Sales,Publishing copy,108350,4.82,2023-10-19
1236,Jordan Griffin,Sales,Dancer,70652,4.61,2018-02-06
1237,Ashley Thomas,Support,Actuary,57974,2.68,2017-03-10
1238,Thomas Williams,Sales,Town planner,63569,3.96,2024-05-19
1239,James Mora,Finance,Contractor,74049,3.9,2026-01-07
1240,Luke Howard,HR,"Scientist, audiological",106576,4.25,2017-09-08
1241,Jordan Wilkinson,Operations,Data processing manager,101301,2.83,2019-09-01
1242,Jason Daniels,Finance,Haematologist,107197,4.94,2021-01-10
1243,Crystal Mendez,Engineering,Field seismologist,57376,2.95,2017-06-13
1244,Timothy Holland,Operations,Radio producer,66742,2.56,2025-12-23
1245,Thomas Lopez,Finance,Social worker,85624,2.53,2018-10-09
1246,Bobby Galvan,Operations,Energy manager,82969,2.98,2023-04-11
1247,Kristen Spears,HR,"Scientist, water quality",108614,3.15,2022-05-15
1248,Brandy Brown,HR,Analytical chemist,48918,3.74,2022-06-02
1249,Sean Perez MD,Operations,"Psychologist, occupational",45664,2.89,2023-01-01
1250,Holly Caldwell,Support,Geographical information systems officer,96700,2.72,2016-09-12
1251,Theresa Webster,Finance,Press sub,95168,2.91,2019-04-25
1252,Deborah Taylor,HR,Logistics and distribution manager,63462,4.01,2016-06-13
1253,Amanda Moody,Sales,Secretary/administrator,111031,2.66,2022-05-14
1254,Sara Johnson,Finance,Professor Emeritus,79722,3.73,2019-06-11
1255,Angelica Davidson,Sales,Geochemist,114500,2.99,2020-07-10
1256,George Rodriguez,Finance,"Engineer, petroleum",100950,4.96,2017-06-02
1257,Steve Moss,Marketing,Textile designer,110776,3.81,2023-10-11
1258,Dustin Miller,HR,Arboriculturist,98040,3.67,2026-01-07
1259,Amber Snow,Marketing,Research scientist (medical),64467,4.08,2021-12-11
1260,Stephen Fry,Sales,Electronics engineer,119617,3.56,2016-05-20
1261,Mallory Gilbert,Engineering,Publishing rights manager,77558,4.22,2016-09-19
1262,Christine Moore,Sales,Occupational therapist,67472,2.6,2020-08-26
1263,Denise Howard,Sales,Herbalist,94204,4.41,2016-05-11
1264,Steven Adams,Engineering,"Engineer, petroleum",54044,4.04,2024-12-19
1265,Thomas Leon,Operations,Hospital pharmacist,101742,3.81,2022-06-18
1266,Ms. Melinda Robinson,Operations,Insurance risk surveyor,42798,4.68,2025-09-05
1267,Karl Richardson,HR,"Engineer, aeronautical",47924,2.83,2016-08-04
1268,Gilbert Sullivan,Engineering,Land/geomatics surveyor,106733,2.83,2024-08-20
1269,Julie Gonzalez,Sales,"Merchandiser, retail",41491,2.73,2016-05-22
1270,Marcia Cruz,Operations,Industrial buyer,101349,2.76,2016-12-05
1271,Zachary Carter,Engineering,"Engineer, broadcasting (operations)",83450,4.27,2024-11-04
1272,Ryan Davis,Sales,"Scientist, marine",102728,3.04,2019-03-25
1273,David Brady,Engineering,Marketing executive,90276,4.69,2021-06-02
1274,James Anderson,Marketing,Clinical embryologist,70334,3.11,2023-07-09
1275,Lisa Preston,Support,Community development worker,96180,3.09,2023-06-10
1276,John Carter,Engineering,Merchant navy officer,100409,4.16,2025-04-24
1277,Aaron White,HR,Public relations officer,75473,2.89,2016-12-07
1278,Michael Martin,Operations,Professor Emeritus,73214,4.17,2022-10-24
1279,Jessica Francis,Operations,Environmental health practitioner,67930,3.58,2019-02-05
1280,Eric Dean,HR,Community education officer,72824,4.96,2019-12-27
1281,Patricia Thompson,HR,Interpreter,106897,4.64,2025-04-19
1282,Mrs. Jade Hale MD,Engineering,Architect,42144,4.86,2022-06-14
1283,Jonathan Mendez,Marketing,Plant breeder/geneticist,41051,3.38,2019-05-18
1284,Jessica Juarez,Sales,Information systems manager,85342,3.0,2018-10-27
1285,Carmen Acosta,Operations,Environmental education officer,92928,4.92,2024-05-16
1286,Andrew Hoffman,Sales,"Nurse, learning disability",58739,4.9,2017-12-20
1287,Kyle Brewer,Support,Environmental manager,82661,4.89,2016-05-31
1288,Jack Young,Engineering,Astronomer,70417,3.66,2022-06-10
1289,Cynthia Dennis,Sales,Structural engineer,69893,3.85,2023-05-07
1290,Rhonda Chapman,Sales,Naval architect,97622,4.73,2016-04-02
1291,Carol Hebert,Engineering,Commercial/residential surveyor,69449,4.71,2017-10-14
1292,Gordon Smith,Marketing,"Engineer, manufacturing",93112,3.38,2022-04-11
1293,Clayton Coffey,Finance,Legal secretary,92141,4.45,2016-05-09
1294,Brandon Wilson,Support,Energy manager,84332,3.84,2018-04-26
1295,Kristin Perkins,Support,Maintenance engineer,88689,2.88,2018-03-29
1296,Raven Adams,Support,"Surveyor, building",97585,2.87,2019-09-26
1297,Carla Todd,HR,Pathologist,69080,4.07,2024-10-22
1298,Christopher Barrett,Marketing,Market researcher,85500,4.81,2016-04-20
1299,Joseph Carlson,Operations,Air traffic controller,97061,3.14,2018-12-13
1300,Lori Rodriguez,Operations,Orthoptist,51115,4.56,2016-03-21
1301,John Phillips,HR,"Designer, industrial/product",70877,3.69,2020-06-13
1302,Theresa Miller,Engineering,Audiological scientist,101924,3.95,2025-04-04
1303,Mrs. Ashley Spencer DDS,Sales,"Accountant, chartered certified",88010,3.66,2018-01-01
1304,Don Ward,HR,"Teacher, primary school",90268,4.19,2020-06-13
1305,Bailey Underwood,Operations,Applications developer,110384,3.26,2022-05-12
1306,Sean Kramer,Operations,"Biochemist, clinical",74616,4.27,2018-07-15
1307,Angel Hamilton,Support,Social researcher,40992,2.66,2025-01-15
1308,Jasmine Saunders,Operations,Amenity horticulturist,89246,3.22,2023-10-30
1309,Mr. Joseph Rogers MD,Engineering,"Radiographer, therapeutic",40811,2.96,2017-02-04
1310,Oscar Brown,HR,Medical secretary,95261,4.73,2022-05-16
1311,Vanessa Spencer,Operations,Civil Service fast streamer,99105,3.59,2022-07-20
1312,Mary Bailey,Finance,Quality manager,101383,2.56,2022-09-21
1313,Brent Wallace,Support,"Journalist, newspaper",60648,3.07,2023-06-30
1314,Lisa Smith DVM,Marketing,Commissioning editor,101274,4.67,2023-06-03
1315,Lisa Brown,Finance,"Teacher, primary school",102336,2.62,2018-05-17
1316,David Gibson,Finance,"Loss adjuster, chartered",89403,3.78,2019-08-11
1317,Nicholas Smith DDS,Support,Public affairs consultant,89786,2.61,2025-09-23
1318,Ashley Moreno,Support,"Copywriter, advertising",42046,3.37,2019-06-08
1319,Charles Mckee,Marketing,Counsellor,61626,3.69,2020-07-15
1320,Cheryl Porter,Support,Office manager,106654,4.96,2016-08-09
1321,Nancy Cochran,Finance,Community arts worker,109249,3.15,2017-02-11
1322,Jennifer Carter,Finance,Equality and diversity officer,76588,3.96,2024-06-03
1323,James Hernandez,HR,Historic buildings inspector/conservation officer,109096,4.25,2018-04-29
1324,Bonnie Robbins,Marketing,Fitness centre manager,68216,4.24,2023-02-24
1325,Matthew Todd,Support,Dietitian,114435,2.82,2018-10-15
1326,Allison Cortez,HR,Financial manager,99688,4.79,2020-09-13
1327,Angela Wheeler,Engineering,Marine scientist,67192,3.2,2016-07-15
1328,Rhonda Mcclain,Support,"Doctor, general practice",102893,4.2,2024-11-06
1329,James Hoffman,Finance,"Scientist, water quality",95575,2.95,2019-03-29
1330,Yvette Foley,Finance,Chief of Staff,43416,4.76,2019-09-16
1331,Michael Lynch,Finance,"Designer, graphic",103174,3.23,2023-02-19
1332,Gary Marshall,Operations,Landscape architect,43603,4.38,2025-07-03
1333,Elizabeth Gonzalez,Operations,"Librarian, academic",52980,4.96,2025-12-20
1334,Dr. Devin Rodgers,Operations,Musician,86800,3.77,2020-07-04
1335,Christopher Walker,Engineering,Social researcher,88853,4.99,2020-11-29
1336,Richard Bowman,Operations,"Engineer, manufacturing systems",70736,3.03,2016-05-08
1337,Amanda Oneill,HR,Professor Emeritus,89226,3.27,2023-11-29
1338,Michael Carr,HR,Insurance account manager,116363,3.36,2022-01-31
1339,Sara Clark,Operations,Solicitor,61278,2.64,2021-05-23
1340,Michael Harris,Operations,"Research officer, political party",68853,2.96,2021-01-22
1341,Tony Lowe,Engineering,Youth worker,69432,4.09,2025-06-06
1342,Dana Hess,Operations,Conference centre manager,92856,3.95,2024-06-01
1343,Mr. Michael Smith,Operations,"Doctor, hospital",57788,4.46,2024-09-06
1344,Kara Espinoza,HR,Veterinary surgeon,117651,3.37,2024-07-25
1345,Andrew Ramirez,Support,Futures trader,117285,4.0,2017-09-24
1346,Spencer Robertson,Sales,Cytogeneticist,115486,4.23,2016-03-14
1347,Tonya White DVM,Engineering,Company secretary,95988,4.75,2019-04-27
1348,Nicholas Martin,Finance,Research scientist (physical sciences),86265,3.14,2024-04-23
1349,Glen Wells,HR,Animator,86344,3.22,2023-03-04
1350,Kristin Tucker,Sales,Accommodation manager,57125,4.24,2018-09-28
1351,Roberto Lewis,Engineering,Management consultant,58591,2.74,2022-04-09
1352,Andrea Pena,Sales,"Designer, industrial/product",102227,3.87,2023-10-10
1353,Jamie Gonzalez,Sales,Pensions consultant,69361,3.36,2020-07-05
1354,James Owens,Marketing,"Librarian, academic",57194,4.68,2021-08-19
1355,Monica Davis,Engineering,Freight forwarder,72503,4.82,2024-03-05
1356,Jason Fuentes,Support,Media buyer,57300,4.32,2017-11-05
1357,Kim Martin,Operations,Higher education lecturer,69470,2.68,2020-04-08
1358,Benjamin Arnold,Support,Phytotherapist,53647,3.56,2024-05-02
1359,Dana Payne,Finance,Warden/ranger,81081,3.34,2024-12-16
1360,David Warner,Sales,Water quality scientist,110568,2.91,2026-02-05
1361,Joshua Williams,Finance,Learning disability nurse,77583,3.89,2024-04-25
1362,Jack Frederick,Engineering,"Teacher, early years/pre",77160,3.64,2020-09-06
1363,Grace Griffith,Operations,Politician's assistant,60261,3.34,2025-01-31
1364,Brooke Smith,Operations,Firefighter,106572,4.28,2017-07-01
1365,Jessica Lee,Sales,IT consultant,59663,3.62,2016-08-15
1366,Diane Price,Sales,"Designer, exhibition/display",62666,4.96,2019-12-18
1367,Rebecca Johnson,Operations,"Secretary, company",112420,3.63,2019-01-03
1368,Jessica Martin,Marketing,Primary school teacher,82862,4.45,2021-12-25
1369,Anna Wood,Sales,"Administrator, arts",86543,4.15,2026-01-26
1370,Matthew Allen,Support,Lawyer,66601,4.37,2019-09-15
1371,Stephanie Brown,Sales,Homeopath,112866,2.87,2024-02-21
1372,Christopher Walker MD,Engineering,Paediatric nurse,108660,2.85,2017-10-27
1373,Rachel Jones,Marketing,Homeopath,89575,4.52,2020-11-18
1374,John Randolph,Operations,Farm manager,43166,3.74,2019-10-28
1375,Pamela Wright,Finance,"Therapist, nutritional",112591,4.93,2023-09-03
1376,Matthew Wood,Marketing,Podiatrist,84305,3.04,2018-06-08
1377,Diana Lopez,Sales,"Engineer, structural",63197,4.03,2017-12-04
1378,Amy Roberts,Sales,"Designer, industrial/product",79254,2.86,2018-06-04
1379,James Lester,Finance,Health visitor,116222,3.78,2020-02-17
1380,Logan Sanchez,Support,"Designer, fashion/clothing",81897,2.79,2025-03-11
1381,Kristen White,Marketing,Commissioning editor,50831,4.01,2022-05-13
1382,Rebekah Green,Marketing,Building surveyor,101400,3.51,2020-12-29
1383,Janet Thompson,Marketing,"Surveyor, land/geomatics",90424,3.77,2023-11-09
1384,Jennifer Rodriguez,Marketing,Quality manager,113641,4.99,2018-07-25
1385,Timothy Buck,HR,Financial manager,64785,4.6,2022-07-07
1386,Donna Huff,Finance,Special effects artist,112398,2.76,2017-07-22
1387,James Church,HR,Recycling officer,109476,4.03,2018-04-29
1388,Felicia Ferrell,Support,Risk manager,77119,4.85,2020-06-12
1389,Briana Elliott,Marketing,Barrister,87244,4.17,2023-01-05
1390,Dylan Spencer,Engineering,"Engineer, civil (contracting)",107268,2.75,2023-08-27
1391,Cody Bruce,HR,"Education officer, community",46101,2.9,2021-04-17
1392,Richard Howell,HR,Race relations officer,106935,3.0,2022-03-09
1393,Allison Murphy,Finance,Company secretary,103289,4.99,2016-11-23
1394,Shannon Padilla,Operations,Quantity surveyor,51062,3.04,2025-12-01
1395,Peter Smith,Finance,Chartered certified accountant,65345,3.2,2016-11-10
1396,John Mendez,Marketing,Telecommunications researcher,91995,2.77,2019-10-24
1397,Donna Valdez,HR,"Designer, exhibition/display",92457,3.78,2017-01-25
1398,Natasha Anderson,Finance,"Teacher, music",117263,4.68,2017-10-03
1399,Jennifer Jones,Engineering,Television camera operator,87638,3.98,2024-07-15
1400,Daniel Mcdowell,Finance,Insurance underwriter,71494,2.67,2019-10-10
1401,Frank Webb,Engineering,Geochemist,80460,4.51,2025-05-16
1402,Mrs. Amy Villanueva MD,Marketing,Clothing/textile technologist,118468,3.19,2022-12-01
1403,Laura Shepard,Marketing,Chief Strategy Officer,49077,4.95,2024-07-09
1404,Donald Walker,Support,"Engineer, aeronautical",55399,3.88,2024-03-11
1405,Craig Powell,Sales,Chartered certified accountant,42698,2.68,2019-02-02
1406,Andrew Ingram,Engineering,Pathologist,43542,3.03,2024-12-03
1407,Derrick Myers,Operations,Community education officer,85893,2.67,2025-05-14
1408,Penny Nelson,Support,"Administrator, education",58349,4.05,2025-01-21
1409,Lawrence Mccarthy,HR,"Surveyor, land/geomatics",88609,3.2,2018-10-30
1410,Manuel Sullivan,Operations,Computer games developer,78110,3.53,2020-09-26
1411,Christy Robertson,Marketing,Communications engineer,102452,3.55,2021-05-27
1412,Mrs. Amy Martinez,Finance,Minerals surveyor,116351,4.76,2018-05-08
1413,Joshua Williams,Support,"Clinical scientist, histocompatibility and immunogenetics",48372,3.1,2021-01-13
1414,Robert Vazquez,Finance,Research scientist (life sciences),83295,4.0,2016-09-14
1415,Jonathan Tapia,Operations,Counsellor,53470,2.54,2020-07-29
1416,Phillip Glover,Operations,Field seismologist,56306,2.52,2019-02-13
1417,Kenneth Snyder,Engineering,Pensions consultant,83430,2.63,2020-03-08
1418,Shannon Price,Marketing,Insurance claims handler,77981,3.79,2016-02-24
1419,Matthew Brown,Support,Systems developer,105494,3.2,2025-05-21
1420,Joseph Vargas,HR,Building control surveyor,69421,4.34,2021-05-11
1421,Bryan Smith,Support,"Psychologist, occupational",117937,4.21,2017-04-21
1422,Joseph Ruiz,HR,Claims inspector/assessor,57810,5.0,2025-01-12
1423,Tony Gonzales,Support,Television floor manager,108232,2.59,2020-11-17
1424,April Wang,HR,Analytical chemist,61148,4.41,2017-04-03
1425,Joe Reid,HR,"Scientist, product/process development",89833,3.19,2019-12-26
1426,Andrew Hurley,Sales,"Conservator, furniture",59269,4.03,2018-03-28
1427,Kristi Murray,Marketing,Theatre manager,119557,3.92,2023-12-24
1428,Amber Ray,Engineering,Advertising account executive,85470,3.36,2026-02-13
1429,Antonio Bennett,Engineering,English as a second language teacher,66788,4.12,2020-11-27
1430,Megan Evans,Engineering,Camera operator,98238,2.61,2019-11-27
1431,Carol Pruitt,Operations,Production engineer,87490,3.13,2021-04-19
1432,Kathleen Garcia,Finance,Event organiser,89398,3.54,2016-04-23
1433,James Smith Jr.,HR,Estate manager/land agent,113181,4.57,2021-12-20
1434,Lisa Keller,Finance,"Scientist, research (life sciences)",110615,4.29,2022-09-28
1435,David Washington,Sales,Child psychotherapist,84144,4.29,2017-03-16
1436,Nathan Garcia,Marketing,"Horticulturist, commercial",49280,2.86,2020-09-11
1437,Victoria Martinez,Sales,Equality and diversity officer,78949,2.59,2017-02-18
1438,John Martin,HR,"Therapist, horticultural",112590,4.0,2024-07-17
1439,Ian Wood,HR,Secondary school teacher,100262,3.57,2016-11-09
1440,Mark Anderson,Sales,Dance movement psychotherapist,81821,4.25,2021-07-28
1441,Mark Fleming,HR,Civil Service fast streamer,46146,3.18,2021-12-29
1442,Matthew Brown,Marketing,Private music teacher,77385,4.43,2021-09-21
1443,Thomas Rodriguez,Operations,Civil Service administrator,44653,4.65,2021-11-13
1444,Jenny Pierce,Engineering,"Producer, television/film/video",96183,4.56,2022-04-25
1445,Lindsay Hartman,Engineering,Community pharmacist,108094,4.78,2019-05-27
1446,Stephanie Clark,Engineering,Advertising copywriter,76660,2.79,2021-07-11
1447,Erin Brown,Finance,Media buyer,108474,4.06,2024-03-11
1448,John Christensen,Support,Film/video editor,109767,3.11,2022-12-23
1449,Jacob Barnes,HR,Gaffer,48392,3.55,2020-01-15
1450,Dana Montgomery,Support,IT trainer,113188,4.52,2016-12-07
1451,Tina Boone,Operations,Graphic designer,67154,2.68,2017-08-30
1452,Caleb Cross,HR,Economist,118673,4.24,2025-02-28
1453,Michael Watson,Finance,Geoscientist,103639,4.0,2019-12-18
1454,Brandy Rodgers,Finance,Training and development officer,57694,4.47,2020-05-25
1455,Connie Thomas,HR,"Education officer, environmental",100998,4.18,2019-07-01
1456,Francisco James,Support,Lexicographer,96630,3.66,2022-10-10
1457,Anita Nguyen,HR,Heritage manager,105768,4.69,2021-04-30
1458,Amy Rodriguez,Marketing,Air traffic controller,101838,3.3,2023-09-21
1459,Wesley Taylor,Finance,Clinical embryologist,45319,4.78,2025-11-07
1460,Caitlin Proctor,Finance,Passenger transport manager,112531,4.6,2019-06-22
1461,Evan Wilson,Sales,Health and safety adviser,41615,3.61,2018-12-02
1462,Nathan Alvarez,Marketing,Gaffer,101473,4.25,2018-01-03
1463,Bryan Marks,Engineering,"Research officer, government",101981,3.34,2021-10-23
1464,Aaron Walters,Marketing,"Engineer, maintenance",108527,4.0,2020-04-13
1465,April Ho,Support,Speech and language therapist,48031,4.39,2021-10-02
1466,John Espinoza,Support,Applications developer,67448,3.24,2018-11-05
1467,Michael Woods,Marketing,Marine scientist,49729,4.15,2018-10-14
1468,Kevin Parker,Support,Sport and exercise psychologist,47262,2.66,2020-11-04
1469,Tracey Lindsey,Marketing,Sports therapist,107828,4.96,2020-11-21
1470,Monica Lewis,Operations,Chiropractor,94172,4.4,2019-05-06
1471,Maria Roberson,Finance,Financial trader,108410,4.24,2020-02-19
1472,Jonathan Burns,Marketing,Dispensing optician,71892,2.54,2018-12-16
1473,Douglas Ramirez,Engineering,"Surveyor, minerals",118616,4.86,2025-10-17
1474,Mackenzie Peterson,Marketing,Merchant navy officer,74436,3.0,2020-01-03
1475,Brian Chang,Support,Data processing manager,81455,2.55,2019-09-24
1476,Claudia Stanley,HR,Fish farm manager,67662,3.84,2025-10-02
1477,Victoria Hale DVM,Operations,Publishing copy,106831,4.5,2019-06-30
1478,Natasha Daniels,Sales,"Scientist, research (life sciences)",110119,2.59,2016-07-03
1479,Melissa Walker,Engineering,Call centre manager,112610,3.92,2023-08-03
1480,Tamara Wolf,Support,Learning disability nurse,94901,4.16,2022-06-05
1481,Mrs. Elizabeth Ochoa DDS,Sales,Armed forces training and education officer,106797,3.99,2023-10-26
1482,Mary Fitzpatrick,Finance,"Merchandiser, retail",73510,3.26,2026-01-16
1483,Yolanda Pugh,Marketing,"Journalist, newspaper",96055,3.64,2019-12-28
1484,Kathryn Scott,Sales,Human resources officer,78247,3.03,2019-01-08
1485,Julie Holmes,Sales,Camera operator,61199,3.66,2018-02-14
1486,Paul Burke,Marketing,Amenity horticulturist,51269,3.37,2024-07-27
1487,Cheryl Bishop,Finance,Facilities manager,117604,4.27,2016-09-02
1488,David Morse,Support,Dramatherapist,44689,3.96,2024-01-24
1489,Shane Lopez,Engineering,Dance movement psychotherapist,119997,4.11,2024-06-30
1490,Christy Moore,Support,"Engineer, land",116122,3.98,2019-10-01
1491,Nicole Fowler,HR,"Development worker, international aid",43556,4.71,2020-08-23
1492,Carlos Sanders,HR,Retail manager,78570,3.38,2024-10-07
1493,Joel Hernandez,HR,"Runner, broadcasting/film/video",98970,3.93,2020-08-08
1494,Shelby Carter,Sales,"Scientist, forensic",107143,3.46,2023-08-06
1495,Monique Allen,Support,Tourist information centre manager,54328,3.41,2018-05-01
1496,Erin George,Support,Theatre stage manager,115308,2.55,2024-12-28
1497,Megan Coleman,Engineering,Computer games developer,68509,3.88,2024-10-18
1498,Connie Washington,Marketing,Pathologist,52910,4.44,2016-03-05
1499,Amber Ryan,Marketing,Community arts worker,41244,4.22,2025-10-13
